<?xml version="1.0" encoding="UTF-8" ?>
<!DOCTYPE mapper
        PUBLIC "-//mybatis.org//DTD Mapper 3.0//EN"
        "http://mybatis.org/dtd/mybatis-3-mapper.dtd">
<mapper namespace="com.chinasofti.framework.ssmdemo.dao.UserDAO">

	<insert id="insert" parameterType="user">
		insert into user(username,password,uphone,uqq)
		values(#{username},#{password},#{uphone},#{uqq})
		<selectKey keyProperty="userId"
			resultType="java.lang.Integer">
			select last_insert_id()
		</selectKey>
	</insert>
    <select id="find" resultType="com.chinasofti.framework.ssmdemo.model.User">
 		select * from admin where name=#{username}
	</select>

	<update id="updateLogin" parameterType="int">
		UPDATE admin SET can_login=#{can_login}
	</update>

	<select id="findLoginCount" parameterType="int" resultType="int">
		SELECT can_login FROM admin
	</select>

</mapper>