<?xml version="1.0" encoding="UTF-8"?>
<beans xmlns="http://www.springframework.org/schema/beans"
	   xmlns:xsi="http://www.w3.org/2001/XMLSchema-instance"
	   xmlns:mvc="http://www.springframework.org/schema/mvc"
	   xmlns:context="http://www.springframework.org/schema/context"
	   xsi:schemaLocation="http://www.springframework.org/schema/mvc http://www.springframework.org/schema/mvc/spring-mvc-4.3.xsd
		http://www.springframework.org/schema/beans http://www.springframework.org/schema/beans/spring-beans.xsd
		http://www.springframework.org/schema/context http://www.springframework.org/schema/context/spring-context-4.3.xsd">
	<!-- 包扫描 -->
	<context:component-scan
			base-package="com.chinasofti.framework.ssmdemo.web" />

	<!-- mvc注解驱动 -->
	<mvc:annotation-driven />

	<!-- 视图解析器 ，支持多种视图 -->
	<bean
			class="org.springframework.web.servlet.view.ContentNegotiatingViewResolver">
		<property name="viewResolvers">
			<list>
				<bean
						class="org.springframework.web.servlet.view.InternalResourceViewResolver">
					<property name="viewClass"
							  value="org.springframework.web.servlet.view.JstlView" />
					<property name="prefix" value="/WEB-INF/page/"/>
					<property name="suffix" value=".jsp" />
				</bean>
				<bean
						class="org.springframework.web.servlet.view.BeanNameViewResolver" />
			</list>
		</property>
		<property name="defaultViews">
			<list>
				<bean
						class="org.springframework.web.servlet.view.json.MappingJackson2JsonView"></bean>
			</list>
		</property>
	</bean>
	<!-- 静态资源处理 -->

	<mvc:default-servlet-handler/>
</beans>
